<?xml version="1.0" encoding="UTF-8"?>
<!-- Generated by JClic - https://projectestac.github.io/jclic -->
<manifest identifier="JClic-BF4B77" version="1.0" xmlns="http://www.imsproject.org/xsd/imscp_rootv1p1p2" xmlns:adlcp="http://www.adlnet.org/xsd/adlcp_rootv1p2" xmlns:xsi="http://www.w3.org/2001/XMLSchema-instance" xsi:schemaLocation= "http://www.imsproject.org/xsd/imscp_rootv1p1p2 imscp_rootv1p1p2.xsd http://www.imsglobal.org/xsd/imsmd_rootv1p2p1 imsmd_rootv1p2p1.xsd http://www.adlnet.org/xsd/adlcp_rootv1p2 adlcp_rootv1p2.xsd">
 <metadata> 
  <schema>ADL SCORM</schema>
  <schemaversion>1.2</schemaversion>
 </metadata> 
 <organizations default="JClic">  
  <organization identifier="JClic">  
   <title>Formas geométricas</title>
   <item identifier="ITEM_JClic-BF4B77" identifierref="RES_JClic-BF4B77">
    <title>Formas geométricas</title>
   </item>
  </organization>
 </organizations>
 <resources>
  <resource identifier="RES_JClic-BF4B77" type="webcontent" href="/index.html" adlcp:scormtype="sco"> 
   <file href="500px-maki-triangle-11.svg.png"/>
   <file href="9c46a5zzi.png"/>
   <file href="circle.png"/>
   <file href="favicon.ico"/>
   <file href="formas_geometricas.jclic"/>
   <file href="formas_geometricas.jclic.js"/>
   <file href="icon-192.png"/>
   <file href="icon-72.png"/>
   <file href="icons-1293736_640-resized.jpg"/>
   <file href="imsmanifest.xml"/>
   <file href="index.html"/>
   <file href="project-thumb.jpg"/>
   <file href="project.json"/>
   <file href="rectangle-34969_1280-resized.jpg"/>
   <file href="rhomb.png"/>
   <file href="square.png"/>
  </resource>
 </resources>
</manifest>